<?xml version="1.0" encoding="UTF-8"?>
<project-private xmlns="http://www.netbeans.org/ns/project-private/1">
    <editor-bookmarks xmlns="http://www.netbeans.org/ns/editor-bookmarks/2" lastBookmarkId="0"/>
    <open-files xmlns="http://www.netbeans.org/ns/projectui-open-files/2">
        <group>
            <file>file:/C:/Users/hp/Documents/NetBeansProjects/JavaFXApplication1/src/ExpressionError.java</file>
            <file>file:/C:/Users/hp/Documents/NetBeansProjects/JavaFXApplication1/src/ShuntingYardAlgorithm.java</file>
            <file>file:/C:/Users/hp/Documents/NetBeansProjects/JavaFXApplication1/src/javafxapplication1/JavaFXApplication1.java</file>
            <file>file:/C:/Users/hp/Documents/NetBeansProjects/JavaFXApplication1/src/Robdd.java</file>
            <file>file:/C:/Users/hp/Documents/NetBeansProjects/JavaFXApplication1/src/RobddNode.java</file>
            <file>file:/C:/Users/hp/Documents/NetBeansProjects/JavaFXApplication1/src/Operators.java</file>
            <file>file:/C:/Users/hp/Documents/NetBeansProjects/JavaFXApplication1/src/DrawRobdd.java</file>
            <file>file:/C:/Users/hp/Documents/NetBeansProjects/JavaFXApplication1/src/Stack.java</file>
            <file>file:/C:/Users/hp/Documents/NetBeansProjects/JavaFXApplication1/src/RobddBuilder.java</file>
            <file>file:/C:/Users/hp/Documents/NetBeansProjects/JavaFXApplication1/src/NodeStack.java</file>
            <file>file:/C:/Users/hp/Documents/NetBeansProjects/JavaFXApplication1/src/RobddNodeTable.java</file>
            <file>file:/C:/Users/hp/Documents/NetBeansProjects/JavaFXApplication1/src/Node.java</file>
            <file>file:/C:/Users/hp/Documents/NetBeansProjects/JavaFXApplication1/src/UniqueTable.java</file>
        </group>
    </open-files>
</project-private>
